Source,Target,weight
Aaron Taylor-Johnson,Anthony Mackie,2
Aaron Taylor-Johnson,Benedict Wong,2
Aaron Taylor-Johnson,Benicio Del Toro,2
Aaron Taylor-Johnson,Callan Mulvey,4
Aaron Taylor-Johnson,Chris Evans,2
Aaron Taylor-Johnson,Cobie Smulders,2
Aaron Taylor-Johnson,Elizabeth Olsen,4
Aaron Taylor-Johnson,Frank Grillo,2
Aaron Taylor-Johnson,Hayley Atwell,2
Aaron Taylor-Johnson,Jenny Agutter,2
Aaron Taylor-Johnson,Joe Russo,2
Aaron Taylor-Johnson,Kenneth Branagh,2
Aaron Taylor-Johnson,Robert Redford,2
Aaron Taylor-Johnson,Samuel L. Jackson,2
Aaron Taylor-Johnson,Scarlett Johansson,2
Aaron Taylor-Johnson,Sebastian Stan,2
Aaron Taylor-Johnson,Stan Lee,2
Aaron Taylor-Johnson,Thomas Kretschmann,2
Alexis Denisof,Ashley Johnson,2
Alexis Denisof,Benicio Del Toro,2
Alexis Denisof,Bradley Cooper,2
Alexis Denisof,Chris Pratt,2
Alexis Denisof,Clark Gregg,2
Alexis Denisof,Dave Bautista,2
Alexis Denisof,Josh Brolin,2
Alexis Denisof,Karen Gillan,2
Alexis Denisof,Sean Connery,2
Alexis Denisof,Sean Gunn,2
Alexis Denisof,Stan Lee,2
Alexis Denisof,Vin Diesel,2
Alexis Denisof,Zoe Saldana,2
Andy Serkis,Angela Bassett,2
Andy Serkis,Benedict Cumberbatch,4
Andy Serkis,Benicio Del Toro,2
Andy Serkis,Brie Larson,2
Andy Serkis,Chadwick Boseman,2
Andy Serkis,Danai Gurira,2
Andy Serkis,Florence Kasumba,2
Andy Serkis,Janeshia Adams-Ginyard,2
Andy Serkis,Jenny Agutter,2
Andy Serkis,Jim Broadbent,8
Andy Serkis,Letitia Wright,2
Andy Serkis,Mark Ruffalo,2
Andy Serkis,Paul Bettany,2
Andy Serkis,Samuel L. Jackson,2
Andy Serkis,Scarlett Johansson,2
Andy Serkis,Sebastian Stan,2
Andy Serkis,Stan Lee,2
Andy Serkis,Terry Notary,8
Andy Serkis,Thomas Kretschmann,2
Andy Serkis,Winston Duke,2
Andy Serkis,Zola Williams,2
Angela Bassett,Anthony Mackie,2
Angela Bassett,Chadwick Boseman,2
Angela Bassett,Danai Gurira,2
Angela Bassett,Florence Kasumba,2
Angela Bassett,James D'Arcy,2
Angela Bassett,James Spader,2
Angela Bassett,Janeshia Adams-Ginyard,2
Angela Bassett,Letitia Wright,2
Angela Bassett,Ralph Fiennes,2
Angela Bassett,Samuel L. Jackson,4
Angela Bassett,Sebastian Stan,2
Angela Bassett,Stan Lee,2
Angela Bassett,Taika Waititi,2
Angela Bassett,Winston Duke,2
Angela Bassett,Zola Williams,2
Anthony Mackie,Benedict Cumberbatch,2
Anthony Mackie,Callan Mulvey,2
Anthony Mackie,Chadwick Boseman,2
Anthony Mackie,Chris Evans,10
Anthony Mackie,Chris Pratt,4
Anthony Mackie,Cobie Smulders,2
Anthony Mackie,Don Cheadle,2
Anthony Mackie,Elizabeth Olsen,4
Anthony Mackie,Enver Gjokaj,2
Anthony Mackie,Evangeline Lilly,6
Anthony Mackie,Florence Kasumba,2
Anthony Mackie,Frank Grillo,8
Anthony Mackie,Hayley Atwell,4
Anthony Mackie,Jenny Agutter,2
Anthony Mackie,Jeremy Renner,4
Anthony Mackie,Joe Russo,4
Anthony Mackie,John Slattery,6
Anthony Mackie,Josh Brolin,2
Anthony Mackie,Ken Jeong,2
Anthony Mackie,Kerry Condon,2
Anthony Mackie,Marisa Tomei,4
Anthony Mackie,Michael Douglas,2
Anthony Mackie,Paul Bettany,2
Anthony Mackie,Paul Rudd,4
Anthony Mackie,Ralph Fiennes,2
Anthony Mackie,Robert Downey Jr.,2
Anthony Mackie,Robert Redford,2
Anthony Mackie,Samuel L. Jackson,8
Anthony Mackie,Scarlett Johansson,4
Anthony Mackie,Sebastian Stan,6
Anthony Mackie,Stan Lee,6
Anthony Mackie,Thomas Kretschmann,2
Anthony Mackie,Tom Holland,2
Anthony Mackie,William Hurt,2
Anthony Mackie,Zoe Saldana,2
Ariana Greenblatt,Ken Jeong,2
Ashley Johnson,Clark Gregg,2
Ashley Johnson,Marisa Tomei,2
Ashley Johnson,Natalie Portman,2
Ashley Johnson,Sebastian Stan,2
Benedict Cumberbatch,Benedict Wong,2
Benedict Cumberbatch,Brie Larson,2
Benedict Cumberbatch,Chris Hemsworth,6
Benedict Cumberbatch,Evangeline Lilly,4
Benedict Cumberbatch,Idris Elba,2
Benedict Cumberbatch,Ken Jeong,2
Benedict Cumberbatch,Mark Ruffalo,2
Benedict Cumberbatch,Natalie Portman,2
Benedict Cumberbatch,Paul Bettany,2
Benedict Cumberbatch,Paul Rudd,2
Benedict Cumberbatch,Peter Dinklage,2
Benedict Cumberbatch,Roger Lloyd Pack,2
Benedict Cumberbatch,Sam Hargrave,2
Benedict Cumberbatch,Scarlett Johansson,2
Benedict Cumberbatch,Stan Lee,4
Benedict Cumberbatch,Taika Waititi,2
Benedict Cumberbatch,Terry Notary,6
Benedict Cumberbatch,Tessa Thompson,4
Benedict Cumberbatch,Tilda Swinton,2
Benedict Cumberbatch,Tom Hiddleston,4
Benedict Cumberbatch,Tom Holland,2
Benedict Cumberbatch,Zoe Saldana,2
Benedict Wong,Chris Evans,2
Benedict Wong,Chris Hemsworth,2
Benedict Wong,Hiroyuki Sanada,2
Benedict Wong,Idris Elba,2
Benedict Wong,Keeley Hawes,2
Benedict Wong,Ken Jeong,2
Benedict Wong,Natalie Portman,2
Benedict Wong,Paul Bettany,2
Benedict Wong,Robert Redford,2
Benedict Wong,Sebastian Stan,2
Benedict Wong,Stan Lee,2
Benedict Wong,Stellan Skarsgard,2
Benedict Wong,Tessa Thompson,4
Benedict Wong,Tilda Swinton,4
Benedict Wong,Winston Duke,2
Benedict Wong,Yvette Nicole Brown,2
Benicio Del Toro,Bradley Cooper,2
Benicio Del Toro,Chris Evans,2
Benicio Del Toro,Chris Hemsworth,2
Benicio Del Toro,Chris Pratt,2
Benicio Del Toro,Clark Gregg,2
Benicio Del Toro,Dave Bautista,2
Benicio Del Toro,Don Cheadle,2
Benicio Del Toro,Harry Dean Stanton,4
Benicio Del Toro,Idris Elba,2
Benicio Del Toro,John Slattery,2
Benicio Del Toro,Josh Brolin,8
Benicio Del Toro,Karen Gillan,2
Benicio Del Toro,Michael Douglas,2
Benicio Del Toro,Natalie Portman,2
Benicio Del Toro,Paul Rudd,2
Benicio Del Toro,Powers Boothe,2
Benicio Del Toro,Rene Russo,2
Benicio Del Toro,Sean Gunn,2
Benicio Del Toro,Stan Lee,4
Benicio Del Toro,Stellan Skarsgard,2
Benicio Del Toro,Tom Hiddleston,2
Benicio Del Toro,Vin Diesel,2
Benicio Del Toro,Zoe Saldana,2
Bradley Cooper,Chris Pratt,4
Bradley Cooper,Dave Bautista,4
Bradley Cooper,Jeremy Renner,2
Bradley Cooper,Josh Brolin,2
Bradley Cooper,Karen Gillan,4
Bradley Cooper,Ken Jeong,8
Bradley Cooper,Natalie Portman,2
Bradley Cooper,Paul Rudd,2
Bradley Cooper,Pom Klementieff,2
Bradley Cooper,Scarlett Johansson,2
Bradley Cooper,Sean Gunn,4
Bradley Cooper,Stan Lee,4
Bradley Cooper,Uma Thurman,2
Bradley Cooper,Vin Diesel,4
Bradley Cooper,Zoe Saldana,6
Brie Larson,Chris Evans,4
Brie Larson,Clark Gregg,4
Brie Larson,Don Cheadle,2
Brie Larson,Marisa Tomei,2
Brie Larson,Mark Ruffalo,4
Brie Larson,Paul Rudd,2
Brie Larson,Peter Dinklage,2
Brie Larson,Samuel L. Jackson,8
Brie Larson,Scarlett Johansson,4
Brie Larson,Stan Lee,2
Brie Larson,Terry Notary,2
Brie Larson,Tessa Thompson,2
Brie Larson,Tilda Swinton,2
Brie Larson,Tom Hiddleston,2
Callan Mulvey,Chris Evans,2
Callan Mulvey,Chris Pratt,2
Callan Mulvey,Cobie Smulders,2
Callan Mulvey,Elizabeth Olsen,2
Callan Mulvey,Frank Grillo,6
Callan Mulvey,Hayley Atwell,2
Callan Mulvey,Jenny Agutter,2
Callan Mulvey,Joe Russo,2
Callan Mulvey,Robert Redford,2
Callan Mulvey,Samuel L. Jackson,2
Callan Mulvey,Scarlett Johansson,2
Callan Mulvey,Sebastian Stan,2
Callan Mulvey,Stan Lee,2
Callan Mulvey,Terry Notary,2
Callan Mulvey,Thomas Kretschmann,2
Carmen Ejogo,Claudia Kim,2
Carmen Ejogo,Frank Grillo,4
Carmen Ejogo,Jamie McShane,2
Carmen Ejogo,Kenneth Branagh,2
Carmen Ejogo,Tessa Thompson,2
Carmen Ejogo,Ty Simpkins,2
Carrie Coon,Jamie McShane,2
Carrie Coon,Josh Brolin,2
Chadwick Boseman,Chris Evans,2
Chadwick Boseman,Danai Gurira,2
Chadwick Boseman,Don Cheadle,2
Chadwick Boseman,Elizabeth Olsen,2
Chadwick Boseman,Enver Gjokaj,2
Chadwick Boseman,Florence Kasumba,4
Chadwick Boseman,Frank Grillo,2
Chadwick Boseman,Janeshia Adams-Ginyard,2
Chadwick Boseman,Jeremy Renner,2
Chadwick Boseman,Joe Russo,2
Chadwick Boseman,John Slattery,2
Chadwick Boseman,Kerry Condon,2
Chadwick Boseman,Letitia Wright,2
Chadwick Boseman,Marisa Tomei,2
Chadwick Boseman,Paul Bettany,2
Chadwick Boseman,Paul Rudd,2
Chadwick Boseman,Robert Downey Jr.,2
Chadwick Boseman,Scarlett Johansson,2
Chadwick Boseman,Sebastian Stan,4
Chadwick Boseman,Stan Lee,4
Chadwick Boseman,Tom Holland,2
Chadwick Boseman,William Hurt,2
Chadwick Boseman,Winston Duke,2
Chadwick Boseman,Zola Williams,2
Chris Evans,Chris Hemsworth,2
Chris Evans,Chris Pratt,2
Chris Evans,Clark Gregg,2
Chris Evans,Cobie Smulders,2
Chris Evans,Don Cheadle,4
Chris Evans,Elizabeth Olsen,4
Chris Evans,Evangeline Lilly,2
Chris Evans,Florence Kasumba,2
Chris Evans,Frank Grillo,4
Chris Evans,Gwyneth Paltrow,2
Chris Evans,Hayley Atwell,6
Chris Evans,Hiroyuki Sanada,2
Chris Evans,Idris Elba,4
Chris Evans,Jacob Batalon,2
Chris Evans,Jenny Agutter,2
Chris Evans,Jeremy Renner,2
Chris Evans,Joe Russo,4
Chris Evans,John Slattery,4
Chris Evans,Jon Favreau,2
Chris Evans,Kerry Condon,4
Chris Evans,Marisa Tomei,4
Chris Evans,Mark Ruffalo,2
Chris Evans,Michael Douglas,2
Chris Evans,Natalie Portman,2
Chris Evans,Paul Bettany,2
Chris Evans,Paul Rudd,4
Chris Evans,Rene Russo,2
Chris Evans,Robert Downey Jr.,4
Chris Evans,Robert Redford,2
Chris Evans,Samuel L. Jackson,6
Chris Evans,Scarlett Johansson,10
Chris Evans,Sebastian Stan,8
Chris Evans,Stan Lee,18
Chris Evans,Stellan Skarsgard,2
Chris Evans,Thomas Kretschmann,2
Chris Evans,Tiffany Espensen,2
Chris Evans,Tilda Swinton,2
Chris Evans,Tom Hiddleston,2
Chris Evans,Tom Holland,4
Chris Evans,William Hurt,2
Chris Evans,Zoe Saldana,2
Chris Hemsworth,Clark Gregg,2
Chris Hemsworth,Idris Elba,6
Chris Hemsworth,Jamie McShane,2
Chris Hemsworth,Jeremy Renner,2
Chris Hemsworth,Mark Ruffalo,2
Chris Hemsworth,Natalie Portman,4
Chris Hemsworth,Rene Russo,4
Chris Hemsworth,Sam Hargrave,4
Chris Hemsworth,Samuel L. Jackson,2
Chris Hemsworth,Stan Lee,8
Chris Hemsworth,Stellan Skarsgard,4
Chris Hemsworth,Taika Waititi,2
Chris Hemsworth,Terry Notary,2
Chris Hemsworth,Tessa Thompson,4
Chris Hemsworth,Tilda Swinton,2
Chris Hemsworth,Tom Hiddleston,6
Chris Hemsworth,Tom Holland,2
Chris Hemsworth,Zoe Saldana,4
Chris Pratt,Cobie Smulders,6
Chris Pratt,Dave Bautista,4
Chris Pratt,Frank Grillo,2
Chris Pratt,Josh Brolin,2
Chris Pratt,Karen Gillan,4
Chris Pratt,Pom Klementieff,2
Chris Pratt,Ralph Fiennes,2
Chris Pratt,Scarlett Johansson,2
Chris Pratt,Sean Gunn,4
Chris Pratt,Stan Lee,4
Chris Pratt,Thomas Kretschmann,2
Chris Pratt,Tom Holland,2
Chris Pratt,Ty Simpkins,2
Chris Pratt,Uma Thurman,2
Chris Pratt,Vin Diesel,4
Chris Pratt,Zoe Saldana,4
Clark Gregg,Don Cheadle,4
Clark Gregg,Elizabeth Olsen,2
Clark Gregg,Gwyneth Paltrow,4
Clark Gregg,Idris Elba,2
Clark Gregg,Jamie McShane,2
Clark Gregg,Jeremy Renner,2
Clark Gregg,John Slattery,2
Clark Gregg,Jon Favreau,4
Clark Gregg,Josh Brolin,2
Clark Gregg,Julie Delpy,2
Clark Gregg,Mark Ruffalo,2
Clark Gregg,Natalie Portman,2
Clark Gregg,Paul Bettany,4
Clark Gregg,Rene Russo,2
Clark Gregg,Robert Downey Jr.,4
Clark Gregg,Samuel L. Jackson,8
Clark Gregg,Scarlett Johansson,6
Clark Gregg,Stan Lee,8
Clark Gregg,Stellan Skarsgard,2
Clark Gregg,Tessa Thompson,2
Clark Gregg,Thomas Kretschmann,2
Clark Gregg,Tom Hiddleston,2
Clark Gregg,William Hurt,2
Clark Gregg,Yvette Nicole Brown,2
Clark Gregg,Zoe Saldana,2
Claudia Kim,Idris Elba,2
Cobie Smulders,Elizabeth Olsen,2
Cobie Smulders,Evangeline Lilly,2
Cobie Smulders,Frank Grillo,2
Cobie Smulders,Hayley Atwell,2
Cobie Smulders,Jacob Batalon,2
Cobie Smulders,Jenny Agutter,2
Cobie Smulders,Joe Russo,2
Cobie Smulders,Jon Favreau,2
Cobie Smulders,Marisa Tomei,2
Cobie Smulders,Paul Rudd,2
Cobie Smulders,Ralph Fiennes,2
Cobie Smulders,Robert Redford,2
Cobie Smulders,Samuel L. Jackson,4
Cobie Smulders,Scarlett Johansson,2
Cobie Smulders,Sebastian Stan,2
Cobie Smulders,Stan Lee,2
Cobie Smulders,Thomas Kretschmann,2
Cobie Smulders,Tom Holland,2
Danai Gurira,Florence Kasumba,2
Danai Gurira,Frank Grillo,2
Danai Gurira,Janeshia Adams-Ginyard,2
Danai Gurira,Letitia Wright,2
Danai Gurira,Sebastian Stan,2
Danai Gurira,Stan Lee,2
Danai Gurira,Winston Duke,2
Danai Gurira,Zola Williams,2
Dave Bautista,Josh Brolin,2
Dave Bautista,Karen Gillan,6
Dave Bautista,Ken Jeong,2
Dave Bautista,Peter Dinklage,2
Dave Bautista,Pom Klementieff,2
Dave Bautista,Ralph Fiennes,2
Dave Bautista,Sean Gunn,4
Dave Bautista,Stan Lee,4
Dave Bautista,Vin Diesel,6
Dave Bautista,Zoe Saldana,4
Deborah Kerr,Patrick Macnee,2
Don Cheadle,Eddie Izzard,4
Don Cheadle,Elizabeth Olsen,2
Don Cheadle,Florence Kasumba,2
Don Cheadle,Frank Grillo,2
Don Cheadle,Gwyneth Paltrow,4
Don Cheadle,Jeremy Renner,2
Don Cheadle,Joe Russo,2
Don Cheadle,John Slattery,6
Don Cheadle,Jon Favreau,4
Don Cheadle,Kerry Condon,2
Don Cheadle,Marisa Tomei,2
Don Cheadle,Mark Ruffalo,4
Don Cheadle,Michael Douglas,2
Don Cheadle,Paul Bettany,6
Don Cheadle,Paul Rudd,2
Don Cheadle,Robert Downey Jr.,6
Don Cheadle,Samuel L. Jackson,6
Don Cheadle,Scarlett Johansson,6
Don Cheadle,Sebastian Stan,2
Don Cheadle,Stan Lee,8
Don Cheadle,Tom Holland,2
Don Cheadle,Ty Simpkins,2
Don Cheadle,William Hurt,2
Don Cheadle,Yvette Nicole Brown,2
Eddie Izzard,James D'Arcy,2
Eddie Izzard,Jim Broadbent,4
Eddie Izzard,Kenneth Branagh,4
Eddie Izzard,Peter Dinklage,2
Eddie Izzard,Ralph Fiennes,2
Eddie Izzard,Thomas Kretschmann,4
Eddie Izzard,Tilda Swinton,2
Eddie Izzard,Uma Thurman,2
Eileen Atkins,James Spader,2
Eileen Atkins,Jenny Agutter,2
Eileen Atkins,Jim Broadbent,4
Eileen Atkins,Michelle Pfeiffer,2
Eileen Atkins,Natalie Portman,2
Eileen Atkins,Roger Lloyd Pack,2
Eileen Atkins,William Hurt,2
Elizabeth Olsen,Florence Kasumba,2
Elizabeth Olsen,Frank Grillo,4
Elizabeth Olsen,Hayley Atwell,2
Elizabeth Olsen,Jenny Agutter,2
Elizabeth Olsen,Jeremy Renner,4
Elizabeth Olsen,Joe Russo,4
Elizabeth Olsen,John Slattery,2
Elizabeth Olsen,Josh Brolin,2
Elizabeth Olsen,Kerry Condon,2
Elizabeth Olsen,Marisa Tomei,2
Elizabeth Olsen,Paul Bettany,2
Elizabeth Olsen,Paul Rudd,2
Elizabeth Olsen,Pom Klementieff,4
Elizabeth Olsen,Robert Downey Jr.,2
Elizabeth Olsen,Robert Redford,2
Elizabeth Olsen,Samuel L. Jackson,4
Elizabeth Olsen,Scarlett Johansson,4
Elizabeth Olsen,Sebastian Stan,4
Elizabeth Olsen,Stan Lee,4
Elizabeth Olsen,Thomas Kretschmann,2
Elizabeth Olsen,Tom Hiddleston,2
Elizabeth Olsen,Tom Holland,2
Elizabeth Olsen,William Hurt,2
Evangeline Lilly,Hayley Atwell,2
Evangeline Lilly,Jeremy Renner,2
Evangeline Lilly,John Slattery,2
Evangeline Lilly,Michael Douglas,4
Evangeline Lilly,Michelle Pfeiffer,2
Evangeline Lilly,Paul Rudd,4
Evangeline Lilly,Ralph Fiennes,2
Evangeline Lilly,Sebastian Stan,2
Evangeline Lilly,Stan Lee,4
Evangeline Lilly,Terry Notary,4
Fiona Shaw,Keeley Hawes,2
Fiona Shaw,Kenneth Branagh,2
Fiona Shaw,Peter Dinklage,2
Fiona Shaw,Ralph Fiennes,4
Fiona Shaw,Scarlett Johansson,2
Fiona Shaw,William Hurt,2
Florence Kasumba,Frank Grillo,2
Florence Kasumba,Janeshia Adams-Ginyard,2
Florence Kasumba,Jeremy Renner,2
Florence Kasumba,Joe Russo,2
Florence Kasumba,John Slattery,2
Florence Kasumba,Kerry Condon,2
Florence Kasumba,Letitia Wright,2
Florence Kasumba,Marisa Tomei,2
Florence Kasumba,Paul Bettany,2
Florence Kasumba,Paul Rudd,4
Florence Kasumba,Robert Downey Jr.,2
Florence Kasumba,Scarlett Johansson,2
Florence Kasumba,Sebastian Stan,4
Florence Kasumba,Stan Lee,4
Florence Kasumba,Tom Holland,2
Florence Kasumba,William Hurt,2
Florence Kasumba,Winston Duke,2
Florence Kasumba,Zola Williams,2
Frank Grillo,Hayley Atwell,2
Frank Grillo,Jamie McShane,2
Frank Grillo,Jenny Agutter,2
Frank Grillo,Jeremy Renner,2
Frank Grillo,Joe Russo,4
Frank Grillo,John Slattery,2
Frank Grillo,Josh Brolin,2
Frank Grillo,Ken Jeong,2
Frank Grillo,Kerry Condon,2
Frank Grillo,Marisa Tomei,2
Frank Grillo,Paul Bettany,2
Frank Grillo,Paul Rudd,2
Frank Grillo,Robert Downey Jr.,2
Frank Grillo,Robert Redford,2
Frank Grillo,Samuel L. Jackson,2
Frank Grillo,Scarlett Johansson,4
Frank Grillo,Sebastian Stan,4
Frank Grillo,Stan Lee,4
Frank Grillo,Thomas Kretschmann,2
Frank Grillo,Tom Holland,2
Frank Grillo,Ty Simpkins,2
Frank Grillo,William Hurt,2
Gwyneth Paltrow,Jacob Batalon,2
Gwyneth Paltrow,John Slattery,2
Gwyneth Paltrow,Jon Favreau,10
Gwyneth Paltrow,Kerry Condon,2
Gwyneth Paltrow,Marisa Tomei,2
Gwyneth Paltrow,Mark Ruffalo,6
Gwyneth Paltrow,Michael Douglas,2
Gwyneth Paltrow,Paul Bettany,8
Gwyneth Paltrow,Robert Downey Jr.,8
Gwyneth Paltrow,Samuel L. Jackson,6
Gwyneth Paltrow,Scarlett Johansson,2
Gwyneth Paltrow,Stan Lee,8
Gwyneth Paltrow,Tiffany Espensen,2
Gwyneth Paltrow,Tom Holland,2
Gwyneth Paltrow,Ty Simpkins,2
Harrison Osterfield,Tom Holland,2
Harry Dean Stanton,James Spader,2
Harry Dean Stanton,Joe Russo,2
Harry Dean Stanton,Julie Delpy,2
Harry Dean Stanton,Kerry Condon,2
Harry Dean Stanton,Marisa Tomei,2
Harry Dean Stanton,Michael Douglas,2
Harry Dean Stanton,Patrick Macnee,2
Harry Dean Stanton,Powers Boothe,2
Hayley Atwell,Jenny Agutter,2
Hayley Atwell,Joe Russo,2
Hayley Atwell,John Slattery,2
Hayley Atwell,Michael Douglas,2
Hayley Atwell,Paul Rudd,2
Hayley Atwell,Ralph Fiennes,2
Hayley Atwell,Robert Redford,2
Hayley Atwell,Samuel L. Jackson,4
Hayley Atwell,Scarlett Johansson,2
Hayley Atwell,Sebastian Stan,6
Hayley Atwell,Stan Lee,6
Hayley Atwell,Stellan Skarsgard,2
Hayley Atwell,Thomas Kretschmann,2
Hiroyuki Sanada,Paul Rudd,2
Hiroyuki Sanada,Ralph Fiennes,2
Hiroyuki Sanada,Stellan Skarsgard,2
Idris Elba,Jamie McShane,2
Idris Elba,Jeremy Renner,4
Idris Elba,Jon Favreau,2
Idris Elba,Josh Brolin,2
Idris Elba,Mark Ruffalo,2
Idris Elba,Natalie Portman,4
Idris Elba,Rene Russo,4
Idris Elba,Sam Hargrave,2
Idris Elba,Samuel L. Jackson,2
Idris Elba,Scarlett Johansson,2
Idris Elba,Stan Lee,6
Idris Elba,Stellan Skarsgard,4
Idris Elba,Taika Waititi,2
Idris Elba,Tessa Thompson,4
Idris Elba,Tom Hiddleston,6
Idris Elba,Zoe Saldana,6
Jacob Batalon,Jon Favreau,4
Jacob Batalon,Kerry Condon,2
Jacob Batalon,Marisa Tomei,4
Jacob Batalon,Robert Downey Jr.,2
Jacob Batalon,Samuel L. Jackson,2
Jacob Batalon,Stan Lee,2
Jacob Batalon,Tiffany Espensen,2
Jacob Batalon,Tom Holland,4
James D'Arcy,Jim Broadbent,4
James D'Arcy,Keeley Hawes,2
James D'Arcy,Kenneth Branagh,2
James D'Arcy,Paul Bettany,2
James D'Arcy,Scarlett Johansson,2
James D'Arcy,Stellan Skarsgard,2
James Spader,Marisa Tomei,2
James Spader,Michael Douglas,2
James Spader,Michelle Pfeiffer,2
James Spader,Robert Downey Jr.,4
Jamie McShane,Jeremy Renner,2
Jamie McShane,Natalie Portman,2
Jamie McShane,Rene Russo,4
Jamie McShane,Samuel L. Jackson,2
Jamie McShane,Stan Lee,2
Jamie McShane,Stellan Skarsgard,2
Jamie McShane,Tom Hiddleston,2
Jamie McShane,Ty Simpkins,2
Jamie McShane,William Hurt,2
Janeshia Adams-Ginyard,Letitia Wright,2
Janeshia Adams-Ginyard,Sebastian Stan,2
Janeshia Adams-Ginyard,Stan Lee,2
Janeshia Adams-Ginyard,Winston Duke,2
Janeshia Adams-Ginyard,Zola Williams,2
Jenny Agutter,Joe Russo,2
Jenny Agutter,Michelle Pfeiffer,2
Jenny Agutter,Robert Redford,2
Jenny Agutter,Samuel L. Jackson,2
Jenny Agutter,Scarlett Johansson,2
Jenny Agutter,Sebastian Stan,2
Jenny Agutter,Stan Lee,2
Jenny Agutter,Thomas Kretschmann,2
Jeremy Renner,Joe Russo,2
Jeremy Renner,John Slattery,2
Jeremy Renner,Kerry Condon,2
Jeremy Renner,Marisa Tomei,2
Jeremy Renner,Monique Ganderton,2
Jeremy Renner,Natalie Portman,2
Jeremy Renner,Paul Bettany,2
Jeremy Renner,Paul Rudd,2
Jeremy Renner,Ralph Fiennes,2
Jeremy Renner,Rene Russo,2
Jeremy Renner,Robert Downey Jr.,2
Jeremy Renner,Samuel L. Jackson,4
Jeremy Renner,Scarlett Johansson,2
Jeremy Renner,Sebastian Stan,2
Jeremy Renner,Stan Lee,4
Jeremy Renner,Stellan Skarsgard,2
Jeremy Renner,Tom Hiddleston,2
Jeremy Renner,Tom Holland,2
Jeremy Renner,William Hurt,2
Jim Broadbent,Paul Bettany,4
Jim Broadbent,Ralph Fiennes,4
Jim Broadbent,Robert Downey Jr.,4
Jim Broadbent,Roger Lloyd Pack,6
Jim Broadbent,Samuel L. Jackson,4
Jim Broadbent,Sean Connery,2
Jim Broadbent,Thomas Kretschmann,2
Jim Broadbent,Tilda Swinton,2
Jim Broadbent,Tom Holland,2
Joe Russo,John Slattery,2
Joe Russo,Kerry Condon,2
Joe Russo,Marisa Tomei,2
Joe Russo,Michael Douglas,2
Joe Russo,Paul Bettany,2
Joe Russo,Paul Rudd,2
Joe Russo,Robert Downey Jr.,2
Joe Russo,Robert Redford,2
Joe Russo,Samuel L. Jackson,2
Joe Russo,Scarlett Johansson,4
Joe Russo,Sebastian Stan,4
Joe Russo,Stan Lee,4
Joe Russo,Thomas Kretschmann,2
Joe Russo,Tom Holland,4
Joe Russo,William Hurt,2
John Slattery,Jon Favreau,2
John Slattery,Josh Brolin,2
John Slattery,Kerry Condon,2
John Slattery,Linda Cardellini,2
John Slattery,Marisa Tomei,2
John Slattery,Mark Ruffalo,4
John Slattery,Michael Douglas,4
John Slattery,Paul Bettany,4
John Slattery,Paul Rudd,4
John Slattery,Peter Dinklage,4
John Slattery,Robert Downey Jr.,4
John Slattery,Samuel L. Jackson,2
John Slattery,Scarlett Johansson,4
John Slattery,Sebastian Stan,4
John Slattery,Stan Lee,6
John Slattery,Tom Holland,2
John Slattery,William Hurt,2
John Slattery,Zola Williams,2
Jon Favreau,Ken Jeong,4
Jon Favreau,Kerry Condon,2
Jon Favreau,Marisa Tomei,4
Jon Favreau,Mark Ruffalo,2
Jon Favreau,Michelle Pfeiffer,2
Jon Favreau,Paul Bettany,10
Jon Favreau,Paul Rudd,2
Jon Favreau,Peter Dinklage,2
Jon Favreau,Robert Downey Jr.,10
Jon Favreau,Samuel L. Jackson,6
Jon Favreau,Scarlett Johansson,6
Jon Favreau,Stan Lee,10
Jon Favreau,Tiffany Espensen,2
Jon Favreau,Tom Holland,4
Jon Favreau,Ty Simpkins,2
Josh Brolin,Karen Gillan,2
Josh Brolin,Michael Douglas,2
Josh Brolin,Pom Klementieff,2
Josh Brolin,Powers Boothe,2
Josh Brolin,Ralph Fiennes,2
Josh Brolin,Sam Hargrave,2
Josh Brolin,Samuel L. Jackson,2
Josh Brolin,Scarlett Johansson,2
Josh Brolin,Sean Gunn,2
Josh Brolin,Stan Lee,2
Josh Brolin,Tilda Swinton,2
Josh Brolin,Vin Diesel,2
Josh Brolin,Zoe Saldana,2
Julie Delpy,Stellan Skarsgard,2
Julie Delpy,Tilda Swinton,2
Julie Delpy,William Hurt,2
Karen Gillan,Marisa Tomei,2
Karen Gillan,Pom Klementieff,2
Karen Gillan,Sean Gunn,4
Karen Gillan,Stan Lee,4
Karen Gillan,Terry Notary,2
Karen Gillan,Tom Holland,2
Karen Gillan,Vin Diesel,4
Karen Gillan,Zoe Saldana,4
Keeley Hawes,Peter Dinklage,2
Keeley Hawes,Tom Hiddleston,2
Ken Jeong,Paul Rudd,4
Ken Jeong,Samuel L. Jackson,2
Ken Jeong,Tessa Thompson,2
Ken Jeong,Yvette Nicole Brown,2
Kenneth Branagh,Michelle Pfeiffer,2
Kenneth Branagh,Robert Downey Jr.,2
Kenneth Branagh,Thomas Kretschmann,2
Kenneth Branagh,William Hurt,2
Kerry Condon,Marisa Tomei,4
Kerry Condon,Paul Bettany,2
Kerry Condon,Paul Rudd,2
Kerry Condon,Peter Dinklage,2
Kerry Condon,Robert Downey Jr.,4
Kerry Condon,Scarlett Johansson,2
Kerry Condon,Sebastian Stan,2
Kerry Condon,Stan Lee,4
Kerry Condon,Tiffany Espensen,2
Kerry Condon,Tom Holland,4
Kerry Condon,William Hurt,2
Letitia Wright,Sebastian Stan,2
Letitia Wright,Stan Lee,2
Letitia Wright,Winston Duke,2
Letitia Wright,Zola Williams,2
Linda Cardellini,Sean Gunn,2
Lou Ferrigno,Robert Downey Jr.,2
Lou Ferrigno,Stan Lee,4
Lou Ferrigno,William Hurt,2
Marisa Tomei,Paul Bettany,2
Marisa Tomei,Paul Rudd,2
Marisa Tomei,Peter Dinklage,2
Marisa Tomei,Robert Downey Jr.,8
Marisa Tomei,Samuel L. Jackson,2
Marisa Tomei,Scarlett Johansson,2
Marisa Tomei,Sebastian Stan,2
Marisa Tomei,Stan Lee,4
Marisa Tomei,Tiffany Espensen,2
Marisa Tomei,Tilda Swinton,2
Marisa Tomei,Tom Holland,6
Marisa Tomei,William Hurt,2
Mark Ruffalo,Paul Bettany,2
Mark Ruffalo,Peter Dinklage,2
Mark Ruffalo,Robert Downey Jr.,4
Mark Ruffalo,Robert Redford,2
Mark Ruffalo,Sam Hargrave,2
Mark Ruffalo,Samuel L. Jackson,2
Mark Ruffalo,Scarlett Johansson,2
Mark Ruffalo,Stan Lee,6
Mark Ruffalo,Taika Waititi,2
Mark Ruffalo,Tessa Thompson,2
Mark Ruffalo,Tom Hiddleston,2
Mark Ruffalo,Ty Simpkins,2
Mark Ruffalo,Zoe Saldana,2
Michael Douglas,Michelle Pfeiffer,2
Michael Douglas,Paul Rudd,4
Michael Douglas,Robert Downey Jr.,2
Michael Douglas,Sebastian Stan,2
Michael Douglas,Stan Lee,4
Michael Douglas,Thomas Kretschmann,2
Michelle Pfeiffer,Paul Rudd,4
Michelle Pfeiffer,Ralph Fiennes,2
Michelle Pfeiffer,Robert Redford,2
Michelle Pfeiffer,Sean Connery,2
Michelle Pfeiffer,Stan Lee,2
Michelle Pfeiffer,Uma Thurman,2
Monique Ganderton,Sam Hargrave,2
Monique Ganderton,Stan Lee,2
Natalie Portman,Rene Russo,4
Natalie Portman,Samuel L. Jackson,8
Natalie Portman,Scarlett Johansson,2
Natalie Portman,Sebastian Stan,2
Natalie Portman,Stan Lee,4
Natalie Portman,Stellan Skarsgard,6
Natalie Portman,Tessa Thompson,2
Natalie Portman,Tom Hiddleston,4
Natalie Portman,Uma Thurman,2
Patrick Gorman,Robert Redford,2
Paul Bettany,Paul Rudd,2
Paul Bettany,Robert Downey Jr.,8
Paul Bettany,Samuel L. Jackson,4
Paul Bettany,Scarlett Johansson,4
Paul Bettany,Sebastian Stan,2
Paul Bettany,Stan Lee,8
Paul Bettany,Stellan Skarsgard,4
Paul Bettany,Thomas Kretschmann,2
Paul Bettany,Tom Holland,2
Paul Bettany,Ty Simpkins,2
Paul Bettany,William Hurt,2
Paul Rudd,Peter Dinklage,4
Paul Rudd,Robert Downey Jr.,2
Paul Rudd,Scarlett Johansson,2
Paul Rudd,Sebastian Stan,4
Paul Rudd,Stan Lee,6
Paul Rudd,Tessa Thompson,2
Paul Rudd,Tom Holland,2
Paul Rudd,William Hurt,2
Peter Dinklage,Tessa Thompson,2
Peter Dinklage,Tilda Swinton,2
Peter Dinklage,Vin Diesel,2
Peter Dinklage,Zoe Saldana,2
Pom Klementieff,Samuel L. Jackson,2
Pom Klementieff,Sean Gunn,2
Pom Klementieff,Stan Lee,2
Pom Klementieff,Tilda Swinton,2
Pom Klementieff,Vin Diesel,2
Pom Klementieff,Zoe Saldana,2
Ralph Fiennes,Robert Downey Jr.,2
Ralph Fiennes,Roger Lloyd Pack,2
Ralph Fiennes,Scarlett Johansson,2
Ralph Fiennes,Tilda Swinton,6
Ralph Fiennes,Tom Holland,2
Ralph Fiennes,William Hurt,4
Rene Russo,Samuel L. Jackson,2
Rene Russo,Stan Lee,4
Rene Russo,Stellan Skarsgard,4
Rene Russo,Tom Hiddleston,4
Robert Downey Jr.,Samuel L. Jackson,6
Robert Downey Jr.,Scarlett Johansson,6
Robert Downey Jr.,Sebastian Stan,2
Robert Downey Jr.,Stan Lee,12
Robert Downey Jr.,Tiffany Espensen,2
Robert Downey Jr.,Tom Holland,6
Robert Downey Jr.,Ty Simpkins,4
Robert Downey Jr.,Uma Thurman,2
Robert Downey Jr.,William Hurt,4
Robert Downey Jr.,Yvette Nicole Brown,2
Robert Redford,Samuel L. Jackson,2
Robert Redford,Scarlett Johansson,4
Robert Redford,Sean Connery,2
Robert Redford,Sebastian Stan,2
Robert Redford,Stan Lee,2
Robert Redford,Thomas Kretschmann,2
Roger Lloyd Pack,Sean Connery,2
Sam Hargrave,Stan Lee,2
Sam Hargrave,Taika Waititi,2
Sam Hargrave,Tessa Thompson,2
Sam Hargrave,Tom Hiddleston,2
Samuel L. Jackson,Scarlett Johansson,8
Samuel L. Jackson,Sebastian Stan,6
Samuel L. Jackson,Stan Lee,12
Samuel L. Jackson,Stellan Skarsgard,6
Samuel L. Jackson,Terry Notary,2
Samuel L. Jackson,Thomas Kretschmann,2
Samuel L. Jackson,Tom Hiddleston,4
Samuel L. Jackson,Tom Holland,2
Samuel L. Jackson,Uma Thurman,4
Samuel L. Jackson,Vin Diesel,4
Samuel L. Jackson,William Hurt,4
Scarlett Johansson,Sean Connery,2
Scarlett Johansson,Sebastian Stan,4
Scarlett Johansson,Stan Lee,8
Scarlett Johansson,Taika Waititi,2
Scarlett Johansson,Thomas Kretschmann,2
Scarlett Johansson,Tilda Swinton,4
Scarlett Johansson,Tom Holland,2
Scarlett Johansson,William Hurt,2
Scarlett Johansson,Yvette Nicole Brown,2
Sean Connery,Stellan Skarsgard,2
Sean Gunn,Stan Lee,4
Sean Gunn,Vin Diesel,4
Sean Gunn,Zoe Saldana,4
Sebastian Stan,Stan Lee,10
Sebastian Stan,Thomas Kretschmann,2
Sebastian Stan,Tom Holland,4
Sebastian Stan,William Hurt,4
Sebastian Stan,Winston Duke,2
Sebastian Stan,Zola Williams,2
Stan Lee,Stellan Skarsgard,4
Stan Lee,Taika Waititi,2
Stan Lee,Tessa Thompson,2
Stan Lee,Thomas Kretschmann,2
Stan Lee,Tiffany Espensen,2
Stan Lee,Tilda Swinton,2
Stan Lee,Tom Hiddleston,6
Stan Lee,Tom Holland,4
Stan Lee,Ty Simpkins,2
Stan Lee,Vin Diesel,4
Stan Lee,William Hurt,4
Stan Lee,Winston Duke,2
Stan Lee,Zoe Saldana,4
Stan Lee,Zola Williams,2
Stellan Skarsgard,Tom Hiddleston,4
Stellan Skarsgard,Uma Thurman,4
Taika Waititi,Tessa Thompson,2
Taika Waititi,Tom Hiddleston,2
Terry Notary,Tom Hiddleston,2
Terry Notary,Zoe Saldana,2
Tessa Thompson,Tom Hiddleston,2
Tessa Thompson,Yvette Nicole Brown,2
Tiffany Espensen,Tom Holland,2
Tiffany Espensen,Yvette Nicole Brown,2
Tilda Swinton,Tom Hiddleston,2
Tom Holland,William Hurt,2
Vin Diesel,Zoe Saldana,4
William Hurt,Zoe Saldana,2
Winston Duke,Zola Williams,2
